<?xml version="1.0" encoding="UTF-8"?>
<FileZilla3 version="3.46.3" platform="*nix">
	<Servers>
		<Server>
			<Host>188.166.245.199</Host>
			<Port>21</Port>
			<Protocol>4</Protocol>
			<Type>0</Type>
			<User>hasan</User>
			<Pass encoding="base64">MXEydzNlIVFAVyNF</Pass>
			<Logontype>1</Logontype>
			<TimezoneOffset>0</TimezoneOffset>
			<PasvMode>MODE_DEFAULT</PasvMode>
			<MaximumMultipleConnections>0</MaximumMultipleConnections>
			<EncodingType>Auto</EncodingType>
			<BypassProxy>0</BypassProxy>
			<Name>aio-digitalocean</Name>
			<Comments />
			<Colour>0</Colour>
			<LocalDir />
			<RemoteDir />
			<SyncBrowsing>0</SyncBrowsing>
			<DirectoryComparison>0</DirectoryComparison>
		</Server>
	</Servers>
</FileZilla3>
