<?xml version="1.0" encoding="UTF-8"?>
<FileZilla3 version="3.62.2" platform="windows">
	<Servers>
		<Server>
			<Host>ftp.mytiffinbd.com</Host>
			<Port>21</Port>
			<Protocol>0</Protocol>
			<Type>0</Type>
			<User>riad@mytiffinbd.com</User>
			<Pass encoding="base64">ZGlpdDU0MzIxQCM=</Pass>
			<Logontype>1</Logontype>
			<PasvMode>MODE_DEFAULT</PasvMode>
			<EncodingType>Auto</EncodingType>
			<BypassProxy>0</BypassProxy>
			<Name>bereken.nl</Name>
			<SyncBrowsing>0</SyncBrowsing>
			<DirectoryComparison>0</DirectoryComparison>
		</Server>
	</Servers>
</FileZilla3>
