<?xml version="1.0" encoding="UTF-8"?>
<FileZilla3 version="3.62.2" platform="windows">
	<Servers>
		<Server>
			<Host>flora.dreamhost.com</Host>
			<Port>22</Port>
			<Protocol>1</Protocol>
			<Type>0</Type>
			<User>dh_ag462h</User>
			<Pass encoding="base64">ZGhfYWdha2hhbg==</Pass>
			<Logontype>1</Logontype>
			<EncodingType>Auto</EncodingType>
			<BypassProxy>0</BypassProxy>
			<Name>bereken-dreamhost</Name>
			<SyncBrowsing>0</SyncBrowsing>
			<DirectoryComparison>0</DirectoryComparison>
		</Server>
	</Servers>
</FileZilla3>
